c60cef03a1014cd99d674fc8d200ee7b,2100000
81f5305d8e77400ab4850402292753b0,165000Execute V,Experience III,First Strike IV,Giant Killer V,Life Steal III,Looting III,Luck V,Scavenger V,Sharpness V,
582db6b7be544a16a6c05f915e7f6af4,6999999
6b80300b28d24005be91b7993f2561f8,17000000
55ec011f4182499d99471761fb2e1e3e,350000
d7a4b875c27548b4835895d6b19d83a7,4149000
98105d7960b4433e98bf8bd3e30c6915,3499999
5e50a36ed8c44f52a50f592819f1fdb8,11599000
a5d82a1e13764bc3a95c71febec176a6,1400000
3295c27335634927985b9c3e403475b1,2000000Cubism V,Impaling III,
54c121f968194f18bd6ba7bef6f062d1,23000000
8fe01159853342eaacc13b518a3573bf,10000000
e71a04fba0b9470e96280f7bff1cb6c7,2600000
a5ac4ed7e2844b64bfd2c45f5ebc1935,34000000
faf171e372c84f0581c19928324ebcf3,1300000
0a9c074f50534ab4abee04e3c6fde162,1300000
194a962344ca4571bba6726f688903c8,325000
e1ece641da7249a3893e4486ac0f56c6,949999
82aca8876e1c4da2a63331ace8382a02,1200000
a8a3ef4ad5674738ba9bb0d298a0dce2,1300000
4a76dc978d2c45a7adc695c7d9e01aca,580000
e4be8677e95a439fb789e2d88ce57363,1800000
1c291e95da51413eb054bf1e86320981,185000
71549a4112124fe5b08e261173cf2af5,949999
9e903e270ccd42c6af416ba1ec2b4783,4500000
f1c8eb2144c64c3a916f1df69a18ff38,20199000
87fe5f9c173b44c8b29acf7122d42204,1200000
b224857e9a984430b59540071b4b44e7,850000
da93a6796ee44722aa190bddb65950f8,2000000Cubism V,Impaling III,
2cd2729121f547e3a39285ecc079c1ef,54399999
55e8b0c2b9db449788fd4d5c2e997dd0,1710000000Champion V,Cleave V,Critical V,Cubism V,Ender Slayer V,Execute V,Experience IV,Fire Aspect II,First Strike IV,Giant Killer V,Impaling III,Lethality V,Looting IV,Luck V,Mana Steal III,Scavenger IV,Smite V,Thunderlord V,Vampirism V,Venomous V,
5029336a98d948239242365123b6d10a,1699000
7c810377de1f4e6c816b39807716e479,998000
57532a78409543b3a5967dbf5efe6bdd,2450000
36a1007367cd469faed371024f29d4e8,549999
dc8212573fcf46999f11ca0ba1c40cb4,4980000
d20f62c8b6f44998b7c6ee37f0902ba0,1400000
8be89669120e497aaa07460639553fbe,123000000
4a8f40b1758c4fef8022f848167d6815,3500000
cb0db8582bd24fc782d087381c9578cd,850000
d98fc7ad3e0b471dab82e3bd06b79aaf,106999999
52dcde64894b4cd88e691d827ff629bc,1499999
027ac7eb72fa4fe9be7e19c90b0dd039,2000000Cubism V,Impaling III,
59cb0722373a4db1bb57342147f4081c,549999
17c1fc0d4b714bce970a342e882e378e,1600000
21e7d5e3fe464d829e2ceb09123776fd,18490000
3c86885d812d492ebc2511e6ae133f38,30000
1e9047fd0d674596829919d7b3f6a5fc,419000
a4323996fbf84fe7b2ff2ce55f999042,250000
39482f9a68b44569ae4859068f4b52cc,150000
bf3b4235820546cab54d9efc461fef2e,400000
bfb75e79e79345d081902ff30bed1a58,2267573
ac91a4389c774b74ac0416f0acc9ae8e,850000
aca6cd49fb01463bbce25a5979a29049,2750000Cubism V,Impaling III,
434a4a87e48c493083b5f7ba82be73d1,30999999
e32fe1842193467e8651869f31774a0a,49999
476f1f70e44f4f49a707eaacdb006f18,4000000
dabe5e8904e549bf894f3fac1a30ba8f,9500000
49b5994c7dfd4072ba48ceb55cf9d1ef,32000000
dd0f3924421349b687ee6a7bd799be23,7000000
f781b713bff449cf8cfe2583f2694d40,50000
899aa499056b4131bb9b29954dbc5304,18499999
69abfcc4456e4399b78eb7932b88be48,3998999
498292520be0452992f6313e453c630f,950000
c5f88de852434ecdb34a81b4393c0410,20000000Critical V,Execute V,Experience III,First Strike IV,Giant Killer V,Life Steal III,Looting III,Luck V,Scavenger V,Sharpness V,
d6cb1b6856b04b0e8c1216d6e9f90d4b,2750000Cubism V,Impaling III,
b0609c9e1e074ff695d7e9bc00cc2c6d,4400000
98466483e9064fc6b6d2129f67e61e02,49999
49197e7fd08b474790bc06bd0b8e28fd,8999999
717a2810255547e7a6873ac21f453218,9500000
56d3b10682fc4a7ab9169e51f6e92b08,7000000
7b060556e8894ec49fe18f89906ae09f,850000
2e07d4d842c446659f427499c6f9bb8e,164000
447715a6d17042f19de78dd6168994cc,1850000
7b719a296711429da8f49040563f0bfe,1000000
061d2a662e5249d6862319e905374ea9,2750000Cubism V,Impaling III,
d6bcc036124b4255929b87f5f9d00ec7,2000000
06f9c91df1c94c79b4674dc4d4ff9230,2500000
3a1f2dda483646a5907b1afd48b07ded,9000000
5c6518f207954cea90fa8f4a27383406,9500000
00f6be888c97448b9a34949cb6e61045,8498999
c61657e4ca874eee9efab464ffc37f09,72500000
67d5bfb279ed455382735f883342d1bf,164000
8506a8519ca945dcb572f54ce8a1556b,25555555
81110229fe16481b9ceb95efefd93a6f,21290000
67d086a85f074052ac7674231e89c78c,299000
f1e9d4c01cd8488aae0a87dc9185b599,9000000
782c5e52a68849d99cc300429d4bf60d,9500000
cd1426fca5b9409f8f7b875999be75b3,6900000
03a001af92464dfcb1632d02b5b38826,12500000Cleave V,Critical V,Cubism V,Ender Slayer V,Execute V,Experience III,Fire Aspect II,Giant Killer V,Impaling III,Lethality V,Life Steal IV,Looting IV,Luck V,Scavenger IV,Smite V,Thunderlord V,Vampirism V,Venomous V,
76bc8516dfb94b63a791acf18e61dab4,164000
eb04d06bf9f4443b9324c747d922610e,900000
65b2057eece543e7bd6c207c8db04d3c,7000000
7de95683c1bd411fad392f562b6db61f,16999000
7f1aa63e5ac74e228dddf05f0e915c03,299000
00268b99f2824f8096da532d79067c08,1899000
317e7509a4de48969c0d884f55d18d37,9500000
5139787ab2144dd5858683848161c437,9000000
4bc35b73e9c34f448e0396b51f2a7c8b,233000
7b5d8b0da79b4cddb128c0de82d6c3e0,299000
a54906cfe3e64e20851b44604ff9106a,164000
91d00c90f32f4df29ac7b9259fa1f26d,231000
bfabe3f6c4bc45e0a7a8e117667e6499,3500000
d77c01de692a4da48fb59f7c172cb431,37999
80a6ce6582ea4e099e704c9db4a46770,3499999
d236a4138a744a6e8ac78a7721338534,164000
2b6753157fac4efeba1d965092b9bc8c,6999999
b11398ba14a044209033d9387d3c87b5,235000
35ca2424febc4b9c856c4ba9e0c275ee,25000
174a1309f7f84cc59509d058b47c2db8,231000000
38c39d67c9e948e1aaf67cc43f3bbca1,11000000
3d75bbed6fea4d7fadd164f6b56b0475,5000000
5177d78ca3f54642aaf97eb542fa6c49,37999000
3525d17b2a7647ffb64d78f48a74ccce,235000
bc6b1f8047da415ba03e5ebf56dd94bc,10150000
848f5519629e4be68b904f2e852ee319,1000000
80234422701d4c63b33d8784c1be1f90,5930000
65a5067718344b298ea2f2f4f1eb4b73,299000
cac621c4adab400f930f8ececc52a395,800000
c2a2b25d22014827a055f1632433dbc5,19000000
983ece0dd9a74da69da7d109138b26b1,1200000
214b1864a8144f538a19fab234c94078,164000
be71d7ea8ac54429ac70e1bd119c609f,236000
e61a3397d1f04940b0826e44a6374352,164000
b4db8d7707e0430a9b7d9f16d984f5a5,299999
3a27846a9b8b48fc9cf9637492b28db6,200000
eef9c196732b4370b805a2ba70fadcf4,8000000
662df8560a1445d8b4714af07bb8eef3,1200000
af320f2e838a48fca201b076d94d8213,26500000Critical V,Cubism V,Ender Slayer V,Execute V,Experience III,First Strike IV,Giant Killer V,Impaling III,Lethality V,Looting III,Luck V,Scavenger III,Smite V,Syphon III,Vampirism V,
62d2cee2b66b4e69a3b043d45359c740,237000
badb58edbce049af85587a7ba69e0024,164000
d3d27cad60af45499d16d05d46f9e4b7,220000000
946a0ffcc0f441b68370682b02c0cfd6,19900000
3ec59ce541e64f88b7fd2d941f515a94,100000
1f9cc7922dcc4332885fa90d812d9929,139999900
73670e25c3b84e6ba48ee1251c2e42cb,191999999Cleave V,Critical V,Execute V,Experience III,Fire Aspect II,Knockback II,Lethality V,Looting IV,Scavenger III,Sharpness V,Syphon III,Thunderlord V,Titan Killer V,Vampirism V,Venomous V,
d09a3a424e914413946753adfc84e463,10000000
13c79277265f4fec8279c4cb97894138,9700000
29f7b54a2f6d40a0a8562737b6128395,760000000
77b8be0fd1a147fb826af6fc842d7e8f,164000
74aeedfe9379449c838d3cf178da9903,699999
a3e53f6a0c1d4441a280e50edbe599b6,1000000
ae43cb6ea9c042fe9fbea3afa26c2c47,13800000
492d91d5bcca418e821d86805dbbe8fa,22000
5c4fcadfc39f4c64b642d7acec6d3b77,1000000
6363c0054ee44a78afa8b0aca375771b,3750000
9eb5dd2e55d64aa1ad7f23a13ae441b2,3000000
4a7b9bb2846d43c1a2aa774bde9c8231,690000
04bce69d9d274b43881213c8c63ee724,3400000
0595cce64edc464cbddca10132605279,22000
3c2ebe9ad44342118b534222a748e153,24000000
03d95c2443bf425887cc589830204bf5,22000
9c6f2c69f92547b68d057410d57f0017,1200000
e714459ea8b84a9fb9bf9f7c8378e333,26150000
5cb6ed6ed4334d67810cd06a6a1d2b73,3800000
423f1d7bf61e4d43864f20e51ebcee89,164000
3fe13b3fe407475aa76160271023fa36,24000000
31c368dd39b64677a06056d394eddec9,9599000
a484c7b7e8c140ac959e0bacdd0c7c82,6000000
fd647e73678d4b108ea4b6b77a2ba58c,33799000
86cce6837f294063963a648143015551,3800000
71f6e66675684df48e3cfbd05c8866fa,3000000
0dda655c72b0404192c7923ba351b214,26150000
f01739fda30443a0a60dcc5b909f7157,239000
eb106e4c3e8948e3816b0a4b5feb3f26,3000000
14d95b379e0c4f62a77bbce28c491309,6000000
2de6199137404619bef6d619e88ead05,28900000
fb2ecf385d9544539eac10b481025fb9,6399000
01e72a37eb5e43fbae1ed1a83aab815c,70000
3e9e902b479e49a9b06897e39298707d,76500000
2d9547a5834242af82ad84361663fbea,5000000
b2a75d7b745347708a63185008a64400,3750009
d35a90a97c60413baef7e72e2562dd8c,3000000
2e85f25527bb4e4498715cd75252531c,175000
0d024acfcee24ad0830ac43999eca76b,48999000
dc4cba7013ce4770834269f9003031b5,239000
ade25479b6574b64962885292066067d,8000000Cleave V,Critical V,Execute V,Experience III,Fire Aspect II,Giant Killer V,Lethality V,Looting IV,Luck V,Scavenger IV,Smite V,Syphon IV,Thunderlord V,Vampirism V,Venomous V,
c943da9515b64c0dab3223de33e906c4,3750000
f27d26cee12549bb8a1f4ca907dc09bb,15699000
28b7a4d1138f4ab88e2bc9a1cd7601bd,439999
93a02b3e6fb84262b872663840aafd13,3000000
7dedb494ae224d23994eb19550d2928d,120000
0102b3b2e3a14197aaeda137f2ddfaf9,239000
2bfc4de182ef4afdac2389e92c3154e6,10900000
3f6e2337c2254f87888521f2748ad1da,162900000Champion II,Cleave V,Critical V,Ender Slayer V,Execute V,Fire Aspect II,First Strike IV,Giant Killer V,Impaling III,Lethality V,Life Steal III,Looting III,Luck V,Scavenger III,Sharpness V,Thunderlord V,Vampirism V,Venomous V,
560483a5e9ee4787859424fe62de410b,3800000
405986f0544344f9af3d3bd7e03a8721,239000
6de0795d38344347ba7fde2d89edb342,4499000
2d1a1b4eb01a4bef9efffd8c477b048f,555555
7b982cd59d18475a9cd9f0ecd0045196,10900000
8f6ce92beb224d18a3a43a17e0aecc77,1900000
59853d62811e443286410e5bae5a4b21,3800000
e20e9eefc10c4603b577dc88f52ed916,7490000
c898f3425fad49819a1b4de01cdd30f8,100000
3e7ac70974e7485b9c41245f229953d6,700000
16cd7a870e0c44bbb6cd8d98353f6d31,75000000Cleave V,Critical V,Cubism V,Execute V,Experience IV,Fire Aspect II,First Strike IV,Giant Killer V,Impaling III,Knockback II,Lethality V,Looting IV,Luck V,Mana Steal III,Scavenger IV,Smite V,Thunderlord V,Vampirism V,Venomous V,
6b1fe3e3e47842a1abe0a07eccc8c28a,150000
f093d08814ea48c09313ed41d2b750be,1800000Mana Steal II,
18a08516090e4a41b0a658db4d7783a2,22500000
d76aa6d9efc74a4d9f7d0bc9da7254ca,1750000
d061a132669d45d2864821e715032189,899999Luck V,Sharpness V,Vampirism V,
bd2308370b544ca794937efd337e07ff,9500000
bdea4c4a142f4adfb1c1403f2fe32862,2989900
066cde202a1d498fa41de81eb85a09fd,13000000
7e7a4a1cd0a54a978309cc5f3403d26e,79900000
019ef2b4681440e59332473700af9d49,1000000
2a61743ea7a54e099676a39038ac6c69,3200000
a17c4a14ef51471ea8997eba99b84d99,172900000
1e04c97661d0402796a424821cfa005c,150000
892f15b8ebd94bcb9906e1cb97fcce3b,2100000
72b0839e44a242e2bef5d2a4305039a3,140000
79bd46733bea407692e49d096d7a9dd4,172900000
a62f2c19838d4fabb1a0f0d9cd465edc,199000
0db715901f244db6b3d8745bef8c86bf,15000
9265e7fa185c4d9dba46cd84529a2dfa,2990000
f5ade870d7c94346b33d2832addff265,41000000
1d0d3e8f20064d75a32a8f76ad4652d3,17000000
73ee5d1d418446ca9b7c42b457c1304b,1790000
f5e25b743e0f4480a749b643aca306cc,900000Experience II,
1ba8dd67d41e4d5880dfa7ca66b1b266,850000
54bc7054e2ac4c508e87b9a855580c69,200000
ab89732edc4449ed9f50df8c44e0e845,6698499
89d129604d1a46dfbb9875e8779a82f9,2990000
c1ed81a3e97a4ca9833e3018a2733853,17000000
057bd99269854ad48867119016901f7b,8000000
f846470a33954bbfb6729ec0d0f1dbf4,200000
e457ed51781744e1a55311d51d050e8e,1200000
5d60f77799a34496ae65b5b3b8d84ce5,199000
bedd01f005d443c3acde526cb53cabfe,4000000
91dc4a7981c34653bf86a6c67242fbea,200000
648684f2251f4774a348310f9f0b79a4,2200000
380debe9302246319cb61362b04bc9ef,89000
2f7f4edf624347a6ad77fbc172e53082,7000000
f02c5715d6bd48488a52a473586b1a07,6700000
d954686b68474d2f9972e8d8a3b91e28,6698500
406af4859d314b4aa5f812bef9907eca,29900000
d91dfddd2f91429cac3c789508c27a73,199000
12daa54309da42a6afaac6889de31b76,2998000
f0a4af3cb99d43979f2778ea1fb658f9,350000
08377e666359406189cbc34380917572,550000
f62cd6fc38c5460a962789105b5137b4,800000
838910d829a241f6ad1d92dd3911e263,150000
4d25d7ec5b234084aecf4d0822eb47be,2850000
380de6d520f1479b981c7267d3f094ba,89000
dc32a71798e448ee9f350264793dc310,5999998Mana Steal I,
72cd56220214465da494643896a0898d,23000000
390ce591059248abb1f50dfae853682a,1000000
01984dcac8ff4b788cc584b4dec64c76,5000000
673a0ea588e748aea4c7ef1e3f37d08c,63999999
9a50e2dff2bd4f66a77c54f2b908abb0,1500000
b79ef23989c448e9b3d9765bc70cf986,4600000
929e39da6b014692a5cee7436e382715,26190000
09eb24d6c0694165ab1f1806b83abd2c,2850000
28fe2056688c48ef87730f684a0ce252,12900000
991e7a9d39ed428587013ce7b0414bfc,34000000
767d017d7f9d4142a9ea1acfae497e6a,19000
d11507a846644db5843bd928aa5d2eb4,6000000
d16d1224d57f42cc9517a572db793393,7000000
63708ee37b8744899187451ead1cda43,225900000
826c70daf96d410d94c3fb6e4ed5c111,200000
280ea138df8b4d1bb30f7edebc06f59b,5000000
1428a762ea9e42ccb0d6848f20001296,1500000
66382285329c410aa4a23c2efbc763c8,4999989
2403b30bab24449ba8a0705b6045796c,98000
8e82a41831cc488fa5b8cbe5b0a9557b,35000
8c59061439ef4e4484436ddd4ad8e501,1500000
00ac01b854d84295ba6ad899477b6fa7,12900000
088c5981e1444c6a8358a9618057cdd0,600000
66160428fbaa47eba2a556c7936a665b,5000000
ec5606bdb1874ff8a60e3595412d2944,56000000
187e2c3a7dda4f8592c33ddc4256423a,190000
e8618f0d00a947ada4287fb926621375,699999
85ff25e1a1db47f390fe86595a736799,89000
0ba5b877cbd4411bbe59e5ca1be85d29,98000
040a02ad27dc43f98d98789d254db915,145530000Cleave V,Critical V,Ender Slayer V,Execute V,Experience III,Fire Aspect II,First Strike IV,Giant Killer V,Lethality V,Life Steal III,Looting III,Sharpness V,
f0e75f0f1b684096b90df9e682ebeee6,350000
8868115577654aa2826ba4bf2d8a4219,499999
b7098f2b609345d7ab724ec0c6ee3385,360000
f5f58af447d340a1a5b4c1fb0dfa2df2,23400000
1418e5f18426417184ee65d6c7d9d6a7,4999990
2a835b74eca14b0a9d632ccbe2827c94,220000
e13ebc6016344cf3affc69b6ccea2188,98000
ff236d6f22304aedb290bd97086e0850,33660000
9816ec5c542f4f7fabd6142ef8eb6696,39000
a878668dac5a48ec99f7a903ab579825,1399000
b9fea85db01a4dcf877157c9d9d76416,199000
d876a908d4ea47a39cbfbc4302f08e10,39000
2870252dac9e4f5b81ff26c73a69cf6c,6999999
44ac8f1b2c964fa6b574315c9e6e4afe,23000000Cleave V,Critical V,Cubism V,Ender Slayer V,Execute V,Experience III,Fire Aspect II,First Strike IV,Giant Killer V,Impaling III,Lethality V,Looting III,Luck V,Mana Steal III,Scavenger III,Sharpness V,Thunderlord V,Vampirism V,Venomous V,
de1e1b4a1eb549b1a8552a13575d4071,4999991
1d816bf9f6d94c24943ef448c8868caf,59999999
1aa4d1cbfc05463a932492ab70dddb17,10000
e4ad9008bc0d45f7ab57ebb25c3a8b1a,599999
6e78cd2f8198406bb9a1998b2c8e04d3,2800000
5f5f3344fc984243b3db7dd25ada57ab,59999999
13b3c551d2b44220a846d7744f3af098,10000000
d293d9bcb41c40e09fef0ff73bb327af,6999999
f07cd3a4d5ff45049781be90d691150d,50000
07241aaaa74643e5aa03061efabf0c43,40000000
f7c4694a2b41497da8122249ce07f91d,59999999
fe41a3c50a9141df9a11efbfa671a85c,235000000
0949b385aa6341319bd70d3f896cffe6,1000000
8a5fa4242ac642c0adbe74035e35140b,4999992
c535e5e390e64ba7a935df3f8c1fe8ca,147350000
5ad7c543aece46a88db082c0b36427c8,69700
6aceb8ecd62944d598d4885edf9cbcb0,800000
c186d94141db49518671f24f6560ba60,6999999
7a843f5d85fd46cab26035dc2781b235,225900000
5bdec735f46e4218944596964347332d,95000000
263e5eb59db44b869431e35ff5c2fdac,5000000
0ae6eada2e5c4b6eb975ba08e4be05c4,6000000
4afb4d92d367477d96aa7b505053071d,6999999
8a30e9049f264671b92937072d5a2884,8060000
744905d19b9745d39c44ff7b4af0a666,498000
2004b69ae8e04c1199564d9aea57115a,34999999
248a6fa7ca734627b0e261f76f8ae48d,89999
60d716d44fcd4562a4d31b68cef9023c,5000000
5356d63729ae4ede8cd427877c915a71,4999993
9b6a018a04bf4ecda265f080ef93b971,1500000
c147119dbff24d318aac839fdc0c28a9,66900000Experience IV,Looting IV,Scavenger IV,Sharpness V,
cf125264fe2541cbac54accfb913fe39,5180000
b9bd31d6e5854befa8d305fb670f0439,53000
015e40492bf34e89b27cee1fe368b11e,27700000Looting IV,Luck V,
44d8597a6153482c9a4d93da2edfa011,480000
3be17fc2a9ae44fbab9a8408efde7786,494000
3170821d97b9459586fae03757ad2211,6500000
6bdbaa710eb847399ec0f9c543e46465,4400000
b55b90eb2b214cd293b9a59f7f5b0375,8900000
5c07d4c2f1ef4a74ac6de1ccff50e6ec,4999994
a20dcde0d98245c58d675a9346507e2d,480000
c4a81d2627574400bc6a34f4c4edf559,11297000
f4cd000c9f7f4286952c7182de0d4f12,40000
995b1dd6c2b442daa362ab6d53c9a0ec,55400000
f9c501251c8740a4b50b59b1de722281,99000
1a552a951a7041228dd85e5b4f1d1adc,200000
6b2ae4dcd9d5484889c00cf038ba5d0c,11298000
24085ee2db1d47708a0e71d958996c68,494000
1596da930c1943468d4faabe8656b774,55000000
296f878486474f24b1f4f96eb6664c11,480000
f29ce34916f84fa8ab7ffa45d67b4e7c,199000
67ed5961a3a74781852bed236b6c8dc5,4999995
cf9f2b3ae1d145f3809373c4e11e6678,35300000Cubism V,Experience III,Fire Aspect II,Looting III,Luck V,Scavenger III,Sharpness V,
5c178d9752e74814a74eef800237955f,249999
f8b7e1222a6c4095be463f1e7c9507d4,480000
c9a253ea1b034f01bffc2fececc4d160,7000000
9e07b0c50c3c4bc1b3f41342716e392f,12500000
22aa3b8ca40e4b2daaec58bceecb83af,480000
916ca0cd7a904ba7930d4320e69c8b5b,150000
82b5c857ac04493e9dee45f2461f4254,5200000
42dadd8a0b6a424f975b2302bf76d533,98000
f5fc631d4e7d4ed5b5ec88eb2da942f9,199000
15bd1f94c8d74d13b75681d4b416a98e,98000
7da782f9f2dc4ff6b58b57e096674a3e,4999996
0dbb18c3fab54105b2552e354bc82b94,480000
0b411b5954ad4f88a08f519d7d23cded,2870000
69441915967646689ab638f93dda67af,999000
37fc1814911b458f96bbf5a50778a710,60000
5df7924969884ac89b75080fba95dcd3,95000000
0f076712877c43649819d5edaa03313c,480000
badbab42169646379ab90a8454895f0e,350000
f4cd07dada0745c1bda9547e2ffe9647,226500000
43cbcc2e055e432a8009647e98956dfa,19690000
352ad7b0bdfe4c2aa0efb59c92e64990,98000
d17481c2c49e42f28a8eb1318f10197f,5300000
fc75fe843f594040a1c01374baeccb6b,199000
5277ef01f9de40c89076d76cbbf22d98,97000
ceac97d560aa4647a20b945c728253fa,480000
3e91758e823345248b1e5643533ee453,4999997
292cc77a3cfe465f897f3b5ee350d8d3,226500000
1a64bba7e4904d3c9fb5832fe1f19046,98000
fb39243e602a4c33996a7a1187a9ba0f,2830000
bdefba95171c40d1b6465ff5057bc899,480000
ac0c142a2c97404ca4111ea8b05c9deb,1000000
f8891f4e57b642f7ad1e07d131b1b77a,3500000
b8eddf47ec334f0b8905582fd7744411,20000
34edd5f6a29a4e2dbd9817d8b6fb1e65,5500000
6b35d667f4c54bdaa678c1e67d4fd3e9,9000000
660aaec663ea4a4ab8e097d6b7688a49,226000000
f5c792f242bd4de6a52b1c5b0df0f48d,480000
936592c0669248f8b599dc98b9574a83,200000
08e5e6b1755e41c184f8324d94266b83,7000
cdc3e316822b4ec995cbd1733f3552fb,4999998
ca406ae72b3741598acfb3e4891b5196,35000000Critical V,Giant Killer V,Life Steal III,Looting III,Sharpness V,
faffb81a72b14316b7a7660e6b8f3c93,5400000
f7308fb3f98e4c7788d3ff0fd205412a,989999
a391a93cd277465a82b8d343eccf6f6e,490000
2adb132da3f1417e98b34c28ddf88968,800000
a518f36f8a98459b89907f6d20eacb02,3696969
c3e013efd0f44801afbc3e057c82d538,2870000
80067515a1fd4d789d0721928c308ce4,6900000
933c4002e64147eaaf8ae204015824ab,200000
fea1cb063f7c4c3192b984dc7dd6fd8c,1100000
b2177b9e6e71433ca3a1216fd15debdb,129900000
404e57c3c9554ef999cd87d3eb375fb7,50000
55455153f3ed4122996581fda1805244,100000
af98aa8573ee4b8b8b5f584d505b4f03,97000
5fc36ee2e8b546bbbc358a27322349bd,2800000
24d5e02f17b34d63be949974d37fd840,10399000
44b6068d5be54677b336ef53afd21f53,1240000
06d7b299a2e241a3859e33a4375d6d44,19999000
9927031d851b42188fa3accb8a97e0fb,50000
50e23e720c304dabbf620a4eb9830b86,2999000
e74439882a274208ac24898ea14efcfa,6900000
20b033b2c4104b6d94f421a4b08cb43f,70000000
d9890e69bd314bb6a74c64d364efe7cd,55000
4090579f5e5645d4bcedf1145af413a5,2870000
3e17c0b931964b2ca601c07a7aba70e7,1254999
24dfbb60c5474e2cb6f03fe805a2452c,27000000
f397445d89b1418a91b92b26ee4a69c3,15000000
5a0d6d56b9e64a44bfffa56b5ae3590a,499000
f09adc1c0c054e6abae9a0de1afa60ae,95000000
39c2e3beebf64bb2b9d601cdfdb5ba29,2870000
a1d25edbd8d24c218904b178a65c2a37,875000
38899b92c21744ba8316bf5f282918b4,3400000
89d6df9eec3b465d944fb75e14432e3a,300000
b53b015492c347edbc3bf427f5fde165,499000
04ebf5be72b34a14875df4c74fd12727,2870000
54334042791c48cfae721a38cbb570bc,19877244
d46c66791c514fcbabea952f68e78838,64
de5c195baf7d4c3499e48be8f9beb7d2,99000
ef652886ebb1412bb0f4850eee055f64,15000000
664fbf1f0ebd4fffb3ec8e0641eea45c,2800000
541d26ff8cf340df82bde32bc0eb2718,21870000
1505189c16c142d0b6be8eafdcc0e08e,74000000
d1dcbd3af53c405abf647fa3b2945f7b,35499000
42c1027a39414f4786dfdbdcc09284ae,900000
3ea8cb133dc14c529f7f64cf6d5d6141,99000
ad74c455eac649c3a4927dda45579bb5,13100000
0f2132ece5ac43e6890915e8a269e832,25000000
e071a8a5bfa542569347ddbbd95598e2,100000
065a4281583f444f87cf63b99942bcd4,298298
dd9c24917a084555b3253adb2d390688,68000000
627cbc380cff4c5c933071a890ab4ce6,5300000
3daaa59e1b674b03b33ca9855be5f6c8,14000000
70097a39b2d54f9cb82e01259837279b,4850000
b54bca9f4deb4ae783da39a1f1d042b8,100000
7cee55f2a3404eb0a88ea7e4a3c3d136,100000
c13a4c3f93e544c6a69c40e731eb1e96,7000000
6fa0a2261ca348d9b84857149cc0fbab,5000000
33681e296d43480aab2eb10d372b7146,4850000
f6545955ad4c42cfa4196df46a52e4d7,27999999
4204e8a264d94dcfb6bef840db400fbf,60000
5770b84d65d04d169d87c73447ccd74a,900000
56862fd83e5f4f78bf4c8b2debfbd397,100000
986f91f3c76641539f56ace41fd0b19b,8000000
cd974d928a754573b59a01bdb325234d,1249000
c4efd9dede3f4d04bf57e634c793d4e0,22500000
d08acee73b154415ac6446523cec9de1,4850000
ff4ec1fc422d4063bad564f143ec16f7,29997
39d6eed1f0124b508ada7c60ee6262a7,200000
d8c7af8791e64768a5aabdc5ff4c91a2,43000000
8cfc20eb19f848269b5a4a026921ac00,100000
25c092ac156e4a8389fe6f980b9d86b1,4000000
62b5a349fd4049449104f6e2fbc895fb,53999900Cubism V,Impaling III,Tabasco III,
ad114251c754480aa303fb79060e6b7e,4850000
a968a60ffe734c24af611e5f1f66783b,623999999
4bd66205f7e54c29a3225c63e93aee52,48500000
637d0c1bef3e4f88ba1c61de4f209241,47500000
3da7f91f0eeb4e89a92be791620403ab,1300000
341d917d76154844983e614fdc237673,22000000
3fa08c0d9977480eae5edc9de49c2380,1400000
698603489a27438d8d69fe3a11bbd7b4,29000000
0f973c37c2d24f6895a5915e3b034016,999999Experience II,
70c8936c62934d538a6dbd53775fcaad,220000
3a444b4b9504444cbc39c76a8754edbd,100000
c693f76cc0ea40949e301b6ed5d72dc9,92000000
d322640531474750b4576fd27b0e1936,9399000
04ee8c18edf94512819f11f526cb6bd3,15000000
16d81bfd2e4e4c99ac4bee15e587ed5a,7500000
322453a7ca9f41e59354c34fc3ac54c2,45000000Cubism V,
e995203e60f8409cb69e5adc162e863b,12000000Impaling III,Looting IV,
d67f0cc124e947e390d4c3d20934af36,220000
f8f7753d41be4682941528f93b81a48e,100000
3644e0aa4daf4023a3fa655655653c1a,108000000
2016fa8086d145f3b3d0dddd50f1e249,1500000
bb625122f9194a7597381cec9904f61e,2500000
c0e9175ac3f64bc6b8431015c1355c6d,5890000
d295770ad749487bb7365a9430636c96,2000000
250dd58d4628471fb81d08bef0ede234,99000000
40d70cf0a56b474b8ef9a9af2e5aed83,8900000
abeba609c5824f909ceeeabb18bf4bef,12000000Experience III,
0c8d52ec50694362971b0cd2791bd52a,2000000
12c7fa6dc2804d20b1892b2c8e3af3aa,6999900
3a7bc0ed429046ffa1a5f59ac0f8c89b,31000000
67ab720f003540df9f8aa09f37aec5d0,20000000
46f177025e3749a49bcaeb1b733b84ba,2000000
1155d8d2542940c7bd7c87b81a25da9e,29980000
fbe9ccfeefe9409bb29d34fb4bb2509b,8500000
255bd81bd09e4089b14eb35f8e764125,7000000
644bb04e7b5d4e2aaa442d59f8a01302,125000
be3eba62a0d54475a494bda47931c134,2000000
b9f580873a914c5c8e8e50139af2c0be,500000
521be2a1ece043f7a0f98854fce78085,11000000
91a88c57f6934f9aa441762332b6c538,18000000
06e4001a29a04605b0fbf92a8d05e01a,7500000
5f95ac1ac44e424a826db62beb16f8b7,500000
c01e94479ac64ee5b1036a21e0b89f1f,4999000
f25efdbfbb9f432589e448a1670b40ee,150000000
db3ab879ccdc4f7bb50282a87c0e0399,199999
600c07776f84473992fb481912117e66,125000
92adb58dcf1541bc9c833d049d311db3,9900000
07a37513344c4f00954a84516ee452e4,2000000
bf0f4b62c3c34a29a9d3a29b7f22ef2d,24500000
fe597b78064646199e9317d855e81848,199999
f28e485179a54f43ad4f75bd87934714,39999000
1dd299910c244c7184dc4a3342517cbb,2000000
62878b81b1b645eeb7c2070db57ab73a,2500000
7f752f92569b455f80445cc3776da790,125000
06f94e3dc156429e8faf15277c1484c1,3600000
47d5ad3b65ca4dc6ab7b6a1e548281c4,9500000
0d315a43f25d4bb48acaa53b3fefbdbb,3600000
e9b0647c5f6b45aa9d168e9e9d2fccd4,199999
8ba3170b3ebe4659b53ff963ab40ec2e,2000000
040ec1dff51c4886ba08c3491de2f986,3900000
7692e54c5bf94cff9e467a5c28c28f57,12000000
4696584ab7084f35801f384929867a2c,980000
a22d9a88c63e4da29c0a3b0a36d9917d,7500000
16571fd6b31a4aa5a16f1f50cb4b4902,169868600
14d35df93db845129e10ad15684a55cf,125000
306cd90b89754b22969a5ab0b2ee8228,3600000
61cdd294a39f4faeafd4055e0573a5de,8900000
d89ad682b7f54e398be25dab5e9d2cff,2000000
0b984b27e9af4ab5a66156371dcf2799,31000000
2a2846f6234f44a9a99655eb528f3fb6,12000000
bdaf758eb29546f6bf60b61378cf19bc,500000
1c90b3f45bac4dc8aa9bb835801c9e63,5000
1dff4f68ef2e4011a80e3b66fbe7be00,2100000
be71a8adda224fb8af29edac3c9b2390,17500000
fae3ec3334b042fab588a4dc6a4776c0,8900000
7a6e22c8e7ad4c93897cd9d53ab1d91f,2000000
eb74856d5b2346cdb20b274cbdec2cd8,7100000
42aa63637db54fdeaa57b289977f6104,125000
1fd808ac85d945a0aa6ccf2460648f80,199999
5d90fc83165d4abf84627a6bfb31b956,60000
c26dce5457904ff9b1321efad8e4e50f,12000000
6c89bd678f574f33b2bb255c3a36cc3e,14300000Cleave V,Critical V,Cubism V,Ender Slayer V,Execute V,Experience III,Fire Aspect II,First Strike IV,Giant Killer V,Impaling III,Knockback II,Lethality V,Life Steal III,Looting III,Luck V,Scavenger III,Sharpness V,Thunderlord V,Vampirism V,Venomous V,
2cda676d3d704b17b00084c8a2baad51,2000000
77bb0c6e6dec48d38b458b33f8876080,24000000
ee8629c6b99d44d4ae55e0555c2d23d5,1000000
04473d81dd034406bb9cf18758d5aef5,3250000Cleave V,Critical V,Cubism V,Ender Slayer V,Execute V,Experience III,Fire Aspect III,Giant Killer V,Impaling III,Lethality V,Looting III,Luck V,Scavenger III,Sharpness V,Syphon IV,Thunderlord V,Vampirism V,Venomous V,
b37f4462d13c4ccebe5397d12e029895,2100000
31032f03e95f465baca6f6f94bd4c9e7,1000000
59fc3c54fb9f441bb838d8752b35c72f,10000000
d46ac85741ea4a54b9036a1753cb3f20,24444444
79d60df9b5714c50be2ba5684e7f6717,37000000
5e0910a5a2e844f7958d0cd7293b6202,620000
84d513b0593d4c5789e544f66e6a22f6,12000000
16b0fea2fc274af29aa9ccfa6fd12744,7000000
4b7e7dcf9e9a4298b8bbd93d478a448f,12500000
a6c92144f76b49439479548743167874,6700000Impaling III,Looting III,
e3afaa7fa0074da980603cccd31cdd1e,8900000
4e459d5ddecf4158b04c6d8fa3b31ea1,3600000
d4525d1a3d964c64b31642ba38828571,1320000
61afb46377cd443aa8c3fac4ec96a3b5,3000000Cleave V,Critical V,Cubism V,Ender Slayer V,Execute V,Experience III,Fire Aspect II,First Strike IV,Giant Killer V,Impaling III,Lethality V,Life Steal III,Looting IV,Luck V,Scavenger IV,Sharpness V,Thunderlord V,Vampirism V,Venomous V,
923008ef714e4c568c3c3f296f0401ec,24700000
d9456bec77b0437dbb78cca2050a3baf,12000000
7f3fb3a774754cb58dfb8962caf0f7e1,44000
36de2c41cb934efa9c6596d167a2d0e3,1200000
0c92dd4801d44572ab51902b138508ca,8900000
8ace8908916343469aa258eb946e4737,1300000
3629d5aff91c4ad9be2c29aaebb50f72,12000000
b0bf56f3b2c94c60bf566521a074a3fb,1200000
feb8072130274527b986ba7c930d9373,29500000
66ace6a8f01c4562ac447021ca5196cf,100000
2c1680d5863f4a29930dfe4968438af4,16000000
5454b7e6502242759d888222c9a1f7c6,2000000
cd275fde566848939f63906f2148310a,8900000
0b1d9e3de1324b52bc304378f9cd6c33,30500000
ebe54e14752c4543843e4ec8999dc560,11000000
38e799e15fe242e49cb009a4e295790f,4000000
7082d37eabad42bcbe1a36ebd3c36ce6,12000000
4ff3bb66129b451ba6772c288a233e33,16000000
d8313d796bdf453191685d2e1e170995,3300000
3ae2c224531f486ba212e74cfd669d4c,8900000
66d95e811f064242b10c4f7cf265f5b7,12000000
bf66d60e277a4fe39c582bd0aa2d9393,380000
73765f1c80194b4f96d29a9c8c8f4eec,1000000
7be7f9eb5199400cb48e319c30cf1fe0,2300000
522c932372ef4abb97b5d1b4163a7661,1200000
9469d255099e476890d61eca8914464f,650000
3d627ef2cbaa411e8605a24f1a0f8438,599000
4c7f8221c6d3482fb67b41af0a4044c9,12000000
bb8319514b3745d6a34d1963c733d017,1200000
6a0008e8607643ea97c42d547e77385e,3600000
750458dd6f8842c3b3975541b21de9be,12000000
5e6c3e03b81f42f3bc56fa3db9b7a440,27500000
26a917755c7645dbb925666933239e1c,700000
ba334f35b2a6466390e4822613c7f04e,40000000
177c1262d66f48928f27e9e62442fab5,41500000
a29a8f90880d485f9a5a391884b960d0,380000
692631d34d60486b8de8a5e3f227882a,80000
a1055eca90ce454eab55114d384ab9ab,6400000
0dedf4295cd74490a38602238211ecb8,12000000
820bb4739fb9422f9a5a2bea7d5cfa74,1000000
5825a375dd3f4944a8f9a0d291f473d4,2500000
d56f0e0541d54ad4a8a1939fd5bfd275,1790000
6f6e934fd31848f588eee4cc04b814fd,5800000
43cb34f642314e3b99f15677ff9cb777,500000
4c7c9f6e856e4a49b5bae25d49d337ae,540000
3b189056b42c4522a54d4ad2bb8b58cf,32000000
17bc292841fa44849dcad8baa175d5cd,12000000
6211a8eb33ac4b0e8f047cc44f5c11da,380000
c3e7f8f847884e19897b9b3029ab9cec,540000
b4f5e84068c64057a4ad114b2822e05d,2500000
5320552873f546cc93c10b9b71767764,699000Experience I,
1942695a32724108be6d14fa7ba8fbbb,1800000
785ff7b8c71b45cb96e658a5d054d835,1000000Experience III,
3426e8feb23d4983b3019cc09cd3a940,30000
248d3688349742549493582b45cf464c,26000000
b77227d799454e6f952d27559d323e0a,75000Experience III,First Strike IV,Giant Killer V,Life Steal III,Looting III,Luck V,Scavenger V,Sharpness V,
69956f28c46e4d899dfe5fd7e90b77e5,3000000
789223624c4c4b5d87ced37624d47fbc,27000000
57cb8b54e21b46b9b3fbf467f985b3b0,10000
69b6bd3752dc4aa1994920512c383d5b,38000000
08f5a49297394b0587d3d34c6161b995,26000000
05495f980891429284344a9143e7590d,999999
090adee855394b04a20884a6e82517b6,890000
7a06c3cda3c84e15b2aa13d15a8d6b28,5500000
7e24fe647bfb4c41a88b04778c341ebc,8000000
77da61c06e22415ab706699dfe1b6e15,44500000
c5fcef3415c74c22b6dff417e34ff098,150000
25bddb56b72e4d33bd904fdf1662fc46,500000
6aa486c31db940b1a52f5d2732568fd1,18500000
088e18145af841b2bc7a875643d89911,25000000
d3e63e0c8d90481294b5ef120781033a,28000000
18d1610f4cea45dd94fd9642494eb02e,999999
489d9d9df4ee40bb86399a917fd39974,4600000
eb1733f763fc4c6b9d20dcf422ece60f,3400000
8fc934334f7943e593118e81c5b6bac6,16999999
b59820c302ad4304af0600c5f885a1a5,170000
69b9a61b206645418a56403661968946,1900000
b5e77ec287764e8d884670e1bf557c90,25000000
407d9c2edce04a2c87b98dca8346133a,6999999
27948204f448437a8c9fb54b8d1dc6cd,11100000
75ab056544b74ecfaffa78f0f0d3960b,150000
4398da8729d847cda9c30a22bc2c2bd6,26000000
37d1b91ee9704737906b9581c392fc56,800000
57c512c086b944b8ae39b035df904e76,45000000
0042f32c3b4f459f859e45aac4962c20,5700000
2dde3a04cb31451b9adef7fd293581f9,600000
28dc45d83c7144e09d63b52bf5530b99,7599999
5fe5cbc3c8db4945927531cf27413810,110000
2943ed05e74c40fa990617057f03a2ad,430000
542004ba41514478b60a233d150779ed,500000
ef2dad389fca4909b991cc5614d2981a,3000000
0d5ace73a029425d84ac97367b503131,530000
d9bff0d8965848f38e16d72b205c3c85,14000000
3ac838993a544397a471bb78f424b0f6,110000
dc73583670924070a4408997969b2f19,110000
23eb17b7c36e4cc6a02a1769031f2205,6250000
cff3445d87e6411a8c9f7244f41277b6,800000
1afc94a204594859bdbac2bdfaa54981,120000
2544ce5c6923421794ed4306bb0a082f,1999999
054e9ceffca64162bea1922fd3cf0236,110000
2096a3d7bd78498da3a4cd90918f609b,932000
7e647f3281a4419599d27ac7b8181139,6400000
8ea892deb4aa472b90b60cdb876c4582,1300000
7af4924d487249c09878d5cc99113f97,5000000
488bece0afc543bfa61125c629644178,120000
5836a348a58645268562e96c0d0fc69a,2700000
4f26e90180704456aa53435a4c2e5fce,110000
614ed84e6b86470ba34df150623cb3d5,8999999
53226b80b04b4c27b422f50f3d5fd1c8,95000000
6e9c08bad2424f719c9650b332676c9a,690000
0920bae6f5184951ba26b1426301e531,120000
67059c237a034149b4d301f7fc561bfc,50000000
5f42099ddc0f496c9e81389a727e841e,1999999
24432d9ef1d8446586fc4b6d90b4fde7,120000
4130c3667c054906b0e6312e36d6b638,932000
f36e96ff11754ffca1a3acd11b9ba009,6999999
ed84ed85525b4b4995a333217cb0616f,900000
4ca3bc063d5747dfa3bb16c7b1b04705,33888000
ecef46e7cb0b4f24913e2208ca7b5dfc,21000000
dd7af51d952c4f1cb585bcffecec2406,750000
9149f7d0f70c497585e706533a96c850,32000000
4f02858fb2814fa9b35001bf8e479320,2700000
dead669247054db8916e143e91e7ccba,4400000
e7ca2e4161fa4210bd7618eef17730e5,15000000
2536c3b9ae784eda9eb940401877252c,9000
bc020a89f043405ba2e46279df56cf4e,5400000
0a9b2c79be1a422796ea875ee41cc773,1380000
aff55688ccf843cd8c27112db1a10ae1,290000
ec3dbf81c1514e41b6c0dae85cd57ae5,6600000
32d8e0f03b3e4e81912c059f1d6419a5,110000
477999e4324c439b967a2bac0be69c35,932000
78a3244ea6c9467790ccee2a61f9bfef,120000
66232cb641824449bbe9561aa7d2555c,9000
55a95221649f40e8b08778cf5dc9159c,932000
c2898c65587943dba3c46b2e93ccb986,5000000Experience IV,
32fc11d9180547f0b023b429614eb75a,14999
18ef811a74cc429f932eef7b4ffa659a,15510000
614c0fabdfe645989ba892cdfb10a6d5,8000000
5cc72136ea83465ea6d290d57c7cc8aa,932000
7f4c6c5f6da8460caa4f288a1934a768,1000000
8194ed85ce2243aeb2c705dd6acae692,5500000
65ffad1d11b145b3a159142b01814620,5600000
f94abbda05894731946baf631b257ecd,110000000
e539bfe7c77048b0b0f5a438da62b2c8,4500000
d6cc1410990046c88c33278b1a25e09d,19900000
d112ccb84032465f909a284fb4c36459,700000
651eeaff719d4b019a5653af087f3b7e,1800000
6d64e51e119e4735829fe39998b6baa0,9000000
53bbdb1e891749bc92943e5a57c1594d,2905654
f8b2086eca9d4f7eb861a59f864a5ff5,110000
b1f62e8354bc4691bf926be34b6b8f78,1500000
ec893345055b49a3a05e0979ad70c9a3,4700000
7682d5be4d724ce3a23b8d28bbe7dd72,45000
881554c7aba143059b8b1c7c1c2ed7ea,10000000
9d1ad72631394ebdba343e011263d1a9,5300000
616d53ff7e994798897097e1229e176f,1800000Experience III,
476f9e2c74da4cf38f272290b7955e0e,45000000
7edc6cb30569412e9752262468993e1e,100000Experience I,
09cc3a01a8b742feb297291ffcbf0dde,2500000
e5a1798081ea4309a40e2f9b2e6ee7fe,650000
747998755fe74ff2ab114ec3d127d1cf,45000000
c6374523ec7640bf94dbf8914233db14,20000
29ba190838674a45930dfb529e593f77,15000000
33ac4b7108f446bbad9ce1c681bd8940,79999
16cc6f73ceee47c0825f61b0749f9f86,45000000
98ee5dcfae6e4811bbc7b7b9cb568427,45000
68d1854eb9624c5e8af063da43eb0a50,70000
ad52c04ffe1a499a967dcc5f8a434b9b,958000
eccbdf2be1d645949783951ab768b7ec,20000
80f467232e814ec7be36cea55146e3ae,1200000
7294bf4ee1e745fb828be37bf19e5156,298000
08be1f6801954e3fbb2750f01fa3821b,45000000
f05e68bdeeb84aef8f23617e2d5b696f,2190000
e7c1dfe4a43344d489ab7ea189fe50d2,5800000
a326135f880d4148b764acbfe5be7135,18700000
d4fb5cc1208f409491be5c2712c1a22a,1500000
1ac06dd7dee040dbb880525a2748312d,100000
7d944bc943bf4d429b306ff8d8ac1ea7,6000000Cleave V,Critical V,Ender Slayer V,Execute V,Experience III,Fire Aspect II,First Strike IV,Giant Killer V,Looting III,Luck V,Scavenger III,Sharpness V,Syphon III,Vampirism V,Venomous V,
74d8c3ed5d8940feb01526b8447aa801,1500000
6e1c2eff50864263b72421c80996059f,16000000
e0fc6af5692c4b548f02af5059bfd552,100000
25506d9e27dd49e29af52bdeaf7d460c,93000000
4a5b2db14a5c4a95a31a43ac95f9bce7,31000000
11cfcfa9d43041068b5a0ee244a5b3f7,45000
0ecd3e16fa8d4923bd885d8dc320d83d,8800000Experience IV,
f0e38a1d0336449a93b28d8e3b9aab24,45000000
5c285fb5a1264b0fb22572354209ce70,100000
24dd3019a1b84072b6594d7669eb3dd0,650000
77d68735bef74a6e8c359c54b1dcc81b,14000000
06b8e734940846a882bbc9ec468cbeb8,200000
bed6621c668d45bb838339d97848473c,9500000
aa89476bcd87406e9b53800bf63918cf,45000000
53e75fdbce204769a59e88285f335e54,115000000Cleave V,Critical V,Cubism V,Dragon Hunter IV,Ender Slayer V,Experience IV,Giant Killer V,Impaling III,Knockback II,Lethality V,Looting IV,Luck V,Prosecute V,Scavenger IV,Sharpness V,Syphon IV,Thunderlord V,Vampirism V,Venomous V,
9d0f03e9e831497ea1bb80efc0d9908e,35000000
9b23354d54b04015b5bdc8c2aab98824,26000000
e6430f8f095d42fc8c3d09a34318cfb0,650000
0c565a252ad24be29e456450fafc453b,2000000
00ca109bdbbc4f599b4fa3f13cf56c88,1950000
2d2c01c1c7244657a01f615510294168,45000000
414c7a4a23fa422e90abe943014ec5c8,650000
342baed1a80e45288fb43783ddfa038c,26000000
433aba575ac3446a873e0e8f5b41e28a,9300000
8b9a330e04e64670a8f0d2f01210ddae,45000000
6faa70ff02224de29e011c106986c4c2,650000
f8dc26226b9142d096cd3a4bafd7863a,8120000
599bf89e57e64818976e97618eb275f0,179999
2ac9d66e53974b61b65dafac3d6ab412,160000000
2be47515357b45119f1395252d70af1c,45000000
e9edefb61ad64305a0d1ed2a8dd12267,9800000
4a94e8b556eb4fa29bf523fd3f1386bd,6250000
c445bf7061654adb9770c093d4013bdb,730000
a54ca5e8cb16448f9deba546ae8e0cae,200000000
d67ccffb25a549d38b7f7339bcab36d4,179999
571b8869ce714a64a6152bfc2e30aff4,17700000
6e003159dfab4dafa5f69913883fc342,6250000
5834c8a476cc4bcd837255a60772f6a1,45000000
360b5dd8e86d4a1c9e68785de521889e,650000
bde54a72e61b48cea79c94503492913f,20000000
35808241bbec4123a1cdd406da6dcdf0,64710000
444c82e8d2e14a8385fd3e5a6b6faa12,2700000
0a1352d30e5f449ba4e96352c73eab42,300000
796736de1d5d48ce88f3ca28b68c70b4,179999
c7c72bdde89840fb9313f7db67eb7cd0,6250000
51bbbce06987481dbd9cc064a6579284,17700000
7705a3108a0e4db3b42c7bd189a89d01,1400000
95a9450303a24f3dac0391128d7bf089,45000000
004914182cd34e55997bba669ec9e297,45000000
c2d63ded25fc43cbac39e4159f51a542,6250000
016e0b23851a4162852d9c14d33affa1,6388000
3a6c80be813846eebaf50582ac41a733,29999999
b98ce6cfa6c84cc19e35748e4798db81,5900000
e177e87c3e654ac49bdad2f3c6c6c855,500000
b409dfe1987548549a01d0a0d3a76f43,55000000
ba5c127f2a224ed9b12bdc6791ee62c5,45000000
716c05bb087840a8944204a19020827b,650000
3562b58527af4ed29c2ec5267d1529e8,2400000
f5944f4fd6bc480c9afa0d986cfeab8c,17700000
1b44a22d9b7f408b96a389c66a110ee9,45000000
c1514daf9cb749f4b68100f9e8913a87,500000
f7c6fb9167eb4e9581e5be661fed1ca7,15000000
889b98f08e10499fbb2d4a677d18ed0d,41400000
0960f94ba283408cbea909def5f3e999,179999
48b27a6053f44377a28978c5df8cdfc5,650000
9174f08178fb4b41b122c40cd113de04,2000000
86c34569e6e14ba792562cd01bdb7bd1,10650000
4f4afe2bd064414cabf19107d765e0b2,45000000
fc448e8590d44c9a921f3ebe91e0664e,63000000Impaling III,Looting IV,
fd747a02c0b34ca486f3707f24c0e436,45000
19c0a2e223af44f8b23c20fd52db87c6,62500
582a85a4f0f843ecafab01623f480dad,45000000
7e9bee5cc6e54e0db20ec321afa7500c,1000000Critical V,Ender Slayer V,Execute V,Experience III,First Strike IV,Giant Killer V,Lethality V,Life Steal III,Looting III,Luck V,Scavenger V,Sharpness V,Vampirism V,Venomous V,
bbb8121907ae44dcb9de03644d114cbc,420000
57aa166b4d80431f9412d0fc45ba3021,650000
e71ff8b342f64a6cb1cceae4b225bc30,500000
751e03bd6e884a0f97d23d2cf9364658,66666666
f6e5dbcab4f84023b59914f42536a0d4,1300000
bec8ed9765be4926a42d01ace5ada9e1,45000000
f82ae5ec520745d99bcd17cb48b603f1,650000
edacfd4ab5ea4bb9bccd076a09a69521,17700000
0584ecb3b6be49238adbfbdafde1c0b0,7400000
11fcc3cafd99494a9a15cf04ef786d38,45000000
7711559eb33f42f8b408ff37e2e5e073,1300000
4101070ce58743439f7d877a569b8d78,5499999
cbaeb6f7c4de42bba737605b849759d5,4500000
efb4895e38024c229e70a05f908d0a12,700000
66860f0accd941a695c3988c4aa5ff1f,800000
7104bc5781a140a48e6a6fd3e6fa0512,1490000
b12ef29544e84036872604033a0c372d,157500000
b3447c0f42d4426784dc0d6f364f74ba,6000000
ff555a384c22426185a39437fd8273e2,1500000
a55d7a9758e94e079a4e9021e4438eb9,17700000
25ebc5140fd94ae38b1c72d44461afa0,960000
3c6148d2b555426eb7ab0c247baef15f,1490000
f87c8ddfc28442e9858f61bfcb427cc9,500000
b908f4ee014344eeb20d127d79e63e58,1500000
fdeec63a7aa6454087f92b560d2f9610,2750000Cubism V,Impaling III,
0d75d27612c6440c9d69f21110fb8c52,933000
09539492e24843c8bf080d9c17f5df6f,5399999
231e7f1e0878499c9e149855ce17f2ce,1300000
585d1d30efff403caa28a4ff2c6afe40,933000
c7ae94e2319e45908359b62f247f1119,17700000
8efd64d9330645a29c7534200d42bfcb,32000000
c8465007e4704476822048b7b9938496,1000000Experience I,
0862f67285e54cb8bdab01428ead9b48,17000000
eb87f1772882472b993521a34f987d16,960000
9b01650c1411456cb60f17b39072761d,5499999
95dee4c24fae4788aa183fcb87250b07,1300000
2657e1a265284c7f8906ca58c56e34bc,1799999
552e391069bd4527bc507903eb439e04,58750000
982bc36d4b424338a20bdd7152f80561,19999999
3f13553aaa1046eeb7c03ffce816dff8,3000000
0b22ed2f8fb94850b80b1522a53e5ba5,70000000
5ad1e7f0f5d44179a6ad4116c5b19073,960000
3960f3ae3b5242d39ef7eced5a107781,500000
171618df29f340d5841316fb706340d0,7100000
48815d38aaaf4f738b076c9134a0206f,5499999
d8a124c44a7944d7a0693d274e8f97a0,1000000
8bcb4ce281e549adb6674ea63a72077b,750000
dcdcb26ed8fa4c4f9889ca760687f85b,1300000
532c250b2ab2462cad5eeaffb7917d35,23190000
c9a6089b78b140f49c7d9b6a603cb4e8,933000
585e91ac3888463ab6ca20d79e66f1ad,13976675
40a3b3508f1340b68120272305450727,5499999
219841b86491414190a032a68046c9bf,1300000
549d4c9b02e44253b37a2f8c29cb6eee,1000000
7d0608b4f7d74d3f9022c5c6aa62b1fe,933000
ef376793b9914450812a4fd7e512a0c9,1300000
e6c4806fdebd4c6abbbfc0180068200f,933000
c622531b0cc34efa9923fb602a7f4721,1300000
7f1c381e185741288b522d6fbef7a899,5499999
c21e25aa80ae40358c20eeaf5457676e,933000
4b75834b719c49bfbf53014b07005b27,933000
db90c2a77662435ab64d40a9f7ed81f3,11000Execute V,Experience III,First Strike IV,Life Steal III,Looting III,Luck V,Scavenger V,Sharpness V,
3475f5e3ab1e45bb88dde15941843c73,5499999
6dfa2a0ee97044608436f6dbc78e3343,1300000
64952848971f47ad812e19e2634a0a78,933000
7c0805eb783d4532b21e60a0bc7f49f0,95000
9c86a0ef46e949e4bf8ab548f6b6c9c4,1700000
